Location,Price,Coordinates,,,,
 Lartebiokorshie,"1,500","5.5483316, -0.2445068",,,,
 Lartebiokorshie,"1,200","5.5483316, -0.2445068",,,,
 Lartebiokorshie,800,"5.5483316, -0.2445068",,,,
 Lartebiokorshie,600,"5.5483316, -0.2445068",,,,
 Lartebiokorshie,"1,550","5.5483316, -0.2445068",,,,
 Lartebiokorshie,350,"5.5483316, -0.2445068",,,,
Kotobabi,"1,003","5.5967424, -0.2057188",,,,
Kotobabi,300,"5.5967424, -0.2057188",,,,
Kotobabi,800,"5.5967424, -0.2057188",,,,
Kotobabi,900,"5.5967424, -0.2057188",,,,
Kotobabi,500,"5.5967424, -0.2057188",,,,
Kotobabi,850,"5.5967424, -0.2057188",,,,
Kotobabi,850,"5.5967424, -0.2057188",,,,
Lashibi,400,"5.6850117, -0.0383551",,,,
Lashibi,450,"5.6850117, -0.0383551",,,,
Lakeside,500,"5.7018, -0.13702",,,,
Lakeside,700,"5.7018, -0.13702",,,,
Lakeside,400,"5.7018, -0.13702",,,,
Lakeside,"1,000","5.7018, -0.13702",,,,
sakaman,700,"5.5762799, -0.2742332",,,,
Dansoman,750,"5.5468112, -0.2656595",,,,
Dansoman,650,"5.5468112, -0.2656596",,,,
Dansoman,320,"5.5468112, -0.2656597",,,,
Oyibi,300,"5.8142534, -0.1213430",,,,
"Oyibi, Valley View Area",400,"5.8142534, -0.1213430",,,`,
Oyibi,400,"5.8142534, -0.1213430",,,,
Oyibi,180,"5.8142534, -0.1213430",,,,
Oyibi,250,"5.8142534, -0.1213430",,,,
Oyibi,"1,000","5.8142534, -0.1213430",,,,
Ablekuma,800,"5.6279342, -0.3135003",,,,
Ablekuma,800,"5.6279342, -0.3135003",,,,
Ablekuma,700,"5.6279342, -0.3135003",,,,
Ablekuma,800,"5.6279342, -0.3135003",,,,
Ablekuma,500,"5.6279342, -0.3135003",,,,
Mallam   ,500,"5.5743359, -0.2889602",,,,
Mallam   ,500,"5.5743359, -0.2889602",,,,
Mallam   ,500,"5.5743359, -0.2889602",,,,
Mallam   ,500,"5.5743359, -0.2889602",,,,
North Kaneshie,450,"5.5876406, -0.2348377",,,,
North Kaneshie,250,"5.5876406, -0.2348377",,,,
North Kaneshie,600,"5.5876406, -0.2348377",,,,
Odorkor,400,"5.5773514, -0.2647703",,,,
Odorkor,550,"5.5773514, -0.2647703",,,,
Odorkor,800,"5.5773514, -0.2647703",,,,
Odorkor,500,"5.5773514, -0.2647703",,,,
Odorkor,250,"5.5773514, -0.2647703",,,,
Abokobi,600,"5.7381697, -0.1948689",,,,
Abokobi,750,"5.7381697, -0.1948689",,,,
Abokobi,700,"5.7381697, -0.1948689",,,,
Abokobi,800,"5.7381697, -0.1948689",,,,
Abokobi,300,"5.7381697, -0.1948689",,,,
Abokobi,280,"5.7381697, -0.1948689",,,,
McCarthy Hill,280,"5.5677642, -0.2898063",,,,
McCarthy Hill,250,"5.5677642, -0.2898063",,,,
McCarthy Hill,700,"5.5677642, -0.2898063",,,,
McCarthy Hill,350,"5.5677642, -0.2898063",,,,
McCarthy Hill,400,"5.5677642, -0.2898063",,,,
McCarthy Hill,350,"5.5677642, -0.2898063",,,,
Tesano,650,"5.6025554, -0.2304739",,,,
Tesano,450,"5.6025554, -0.2304739",,,,
Tesano,500,"5.6025554, -0.2304739",,,,
Tesano,800,"5.6025554, -0.2304739",,,,
Tesano,450,"5.6025554, -0.2304739",,,,
 Nungua,600,"5.6011385, -0.0703851",,,,
Nungua,"6,600","5.6011385, -0.0703851",,,,
Nungua,"1,100","5.6011385, -0.0703851",,,,
Nungua,550,"5.6011385, -0.0703851",,,,
Nungua,650,"5.6011385, -0.0703851",,,,
Nungua,450,"5.6011385, -0.0703851",,,,
Nungua,200,"5.6011385, -0.0703852",,,,
Nungua,180,"5.6011385, -0.0703853",,,,
Nungua,300,"5.6011385, -0.0703854",,,,
Nungua,350,"5.6011385, -0.0703855",,,,
Nungua,300,"5.6011385, -0.0703856",,,,
Nungua,200,"5.6011385, -0.0703857",,,,
Nungua,300,"5.6011385, -0.0703858",,,,
Nungua,200,"5.6011385, -0.0703859",,,,
Nungua,160,"5.6011385, -0.0703860",,,,
Nungua,200,"5.6011385, -0.0703861",,,,
Nungua,250,"5.6011385, -0.0703862",,,,
Nungua,240,"5.6011385, -0.0703863",,,,
Nungua,150,"5.6011385, -0.0703864",,,,
Nungua,250,"5.6011385, -0.0703865",,,,
 Osu,"5,190","5.5605929, -0.1824391",,,,
Osu,"1,200","5.5605929, -0.1824391",,,,
Osu,"16,240","5.5605929, -0.1824391",,,,
Osu,"3,600","5.5605929, -0.1824391",,,,
Osu,"4,000","5.5605929, -0.1824391",,,,
Osu,"2,900","5.5605929, -0.1824391",,,,
Osu,"5,400","5.5605929, -0.1824391",,,,
Osu,"3,480","5.5605929, -0.1824391",,,,
"Osu, Oxford Street","1,200","5.5605929, -0.1824391",,,,
Osu,"5,000","5.5605929, -0.1824391",,,,
Osu,"2,500","5.5605929, -0.1824391",,,,
Osu,"8,280","5.5605929, -0.1824391",,,,
Osu,450,"5.5605929, -0.1824391",,,,
Osu,"3,000","5.5605929, -0.1824391",,,,
Ashongman,500,"5.69707, -0.23386",,,,
Ashongman,600,"5.69707, -0.23386",,,,
Ashongman,350,"5.69707, -0.23386",,,,
Ashongman,600,"5.69707, -0.23386",,,,
Ashongman,300,"5.69707, -0.23386",,,,
Ashongman,500,"5.69707, -0.23386",,,,
Ashongman,"1,000","5.69707, -0.23386",,,,
Gbawe,500,"5.5848819, -0.3128207",,,,
Gbawe,650,"5.5848819, -0.3128207",,,,
Gbawe,650,"5.5848819, -0.3128207",,,,
Gbawe,500,"5.5848819, -0.3128207",,,,
Gbawe,350,"5.5848819, -0.3128207",,,,
Tseaddo,350,"5.585, -0.1381",,,,
Tseaddo,350,"5.585, -0.1381",,,,
Tseaddo,400,"5.585, -0.1381",,,,
Tseaddo,650,"5.585, -0.1381",,,,
Tseaddo,650,"5.585, -0.1381",,,,
Tseaddo,700,"5.585, -0.1381",,,,
Tseaddo,"1,000","5.585, -0.1381",,,,
Tseaddo,"1,000","5.585, -0.1381",,,,
Tseaddo,600,"5.585, -0.1381",,,,
Tseaddo,"1,000","5.585, -0.1381",,,,
Tseaddo,550,"5.585, -0.1381",,,,
Tseaddo,450,"5.585, -0.1381",,,,
Tseaddo,600,"5.585, -0.1381",,,,
Tseaddo,"1,000","5.585, -0.1381",,,,
Cantonments,"7,500","5.5841563, -0.1692489",,,,
Cantonments,"9,500","5.5841563, -0.1692489",,,,
Cantonments,"5,400","5.5841563, -0.1692489",,,,
Cantonments,"5,800","5.5841563, -0.1692489",,,,
Cantonments,"5,850","5.5841563, -0.1692489",,,,
Cantonments,"15,000","5.5841563, -0.1692489",,,,
Cantoments,"5,700","5.5841563, -0.1692489",,,,
Cantoments,"19,100","5.5841563, -0.1692489",,,,
Cantoments,"10,431","5.5841563, -0.1692489",,,,
Cantoments,"5,800","5.5841563, -0.1692489",,,,
Cantoments,"8,670","5.5841563, -0.1692489",,,,
Cantoments,"8,000","5.5841563, -0.1692489",,,,
Agbogba,700,"5.6918579, -0.1984465",,,,
"Agbogba, Cemetery Area",500,"5.6918579, -0.1984465",,,,
"Agbogba, School Park Area",450,"5.6918579, -0.1984465",,,,
Agbogba,"1,000","5.6918579, -0.1984465",,,,
Agbogba,500,"5.6918579, -0.1984465",,,,
Agbogba,250,"5.6918579, -0.1984465",,,,
Agbogba,750,"5.6918579, -0.1984465",,,,
Agbogba,350,"5.6918579, -0.1984465",,,,
Agbogba,500,"5.6918579, -0.1984465",,,,
Agbogba,500,"5.6918579, -0.1984465",,,,
Agbogba,400,"5.6918579, -0.1984465",,,,
Agbogba,600,"5.6918579, -0.1984465",,,,
Agbogba,500,"5.6918579, -0.1984465",,,,
Agbogba,450,"5.6918579, -0.1984465",,,,
Agbogba,500,"5.6918579, -0.1984465",,,,
Agbogba,750,"5.6918579, -0.1984465",,,,
Agbogba,700,"5.6918579, -0.1984465",,,,
Agbogba,750,"5.6918579, -0.1984465",,,,
Agbogba,800,"5.6918579, -0.1984465",,,,
North Legon,750,"5.6777411, -0.1822898",,,,
North Legon,"1,100","5.6777411, -0.1822898",,,,
North Legon,600,"5.6777411, -0.1822898",,,,
North Legon,500,"5.6777411, -0.1822898",,,,
North Legon,700,"5.6777411, -0.1822898",,,,
North Legon,700,"5.6777411, -0.1822898",,,,
North Legon,500,"5.6777411, -0.1822898",,,,
North Legon,900,"5.6777411, -0.1822898",,,,
Taifa  ,200,"5.6588, -0.25331",,,,
Taifa  ,450,"5.6588, -0.25331",,,,
Taifa  ,600,"5.6588, -0.25331",,,,
Taifa  ,600,"5.6588, -0.25331",,,,
Taifa  ,600,"5.6588, -0.25331",,,,
Taifa  ,450,"5.6588, -0.25331",,,,
Taifa  ,450,"5.6588, -0.25331",,,,
Taifa  ,400,"5.6588, -0.25331",,,,
Taifa  ,400,"5.6588, -0.25331",,,,
Taifa  ,250,"5.6588, -0.25331",,,,
Taifa  ,350,"5.6588, -0.25331",,,,
Taifa  ,350,"5.6588, -0.25331",,,,
Taifa  ,350,"5.6588, -0.25331",,,,
Taifa  ,300,"5.6588, -0.25331",,,,
Taifa  ,300,"5.6588, -0.25331",,,,
Taifa  ,250,"5.6588, -0.25331",,,,
Taifa  ,250,"5.6588, -0.25331",,,,
Taifa  ,350,"5.6588, -0.25331",,,,
Santa Maria,300,"5.6057714, -0.2756832",,,,
Santa Maria,500,"5.6057714, -0.2756832",,,,
Santa Maria,300,"5.6057714, -0.2756832",,,,
Santa Maria,500,"5.6057714, -0.2756832",,,,
Santa Maria,600,"5.6057714, -0.2756832",,,,
Santa Maria,700,"5.6057714, -0.2756832",,,,
Santa Maria,400,"5.6057714, -0.2756832",,,,
Santa Maria,600,"5.6057714, -0.2756832",,,,
Santa Maria,350,"5.6057714, -0.2756832",,,,
Santa Maria,260,"5.6057714, -0.2756832",,,,
Santa Maria,600,"5.6057714, -0.2756832",,,,
Santa Maria,350,"5.6057714, -0.2756832",,,,
Santa Maria,500,"5.6057714, -0.2756832",,,,
Santa Maria,250,"5.6057714, -0.2756832",,,,
Santa Maria,600,"5.6057714, -0.2756832",,,,
Santa Maria,450,"5.6057714, -0.2756832",,,,
Teshie,700,"5.5822343, -0.1135104",,,,
Teshie,500,"5.5822343, -0.1135104",,,,
Teshie,700,"5.5822343, -0.1135104",,,,
Teshie,"1,200","5.5822343, -0.1135104",,,,
Teshie,400,"5.5822343, -0.1135104",,,,
Teshie,550,"5.5822343, -0.1135104",,,,
Teshie,700,"5.5822343, -0.1135104",,,,
Teshie,"1,200","5.5822343, -0.1135104",,,,
Teshie,600,"5.5822343, -0.1135104",,,,
Teshie,"1,000","5.5822343, -0.1135104",,,,
Teshie,800,"5.5822343, -0.1135104",,,,
Teshie,600,"5.5822343, -0.1135104",,,,
Teshie,450,"5.5822343, -0.1135104",,,,
Teshie,600,"5.5822343, -0.1135104",,,,
Teshie,800,"5.5822343, -0.1135104",,,,
"Teshie, GREDA Estate",600,"5.5822343, -0.1135104",,,,
"Teshie, Teshie New Town","1,300","5.5822343, -0.1135104",,,,
"Teshie, Teshie New Town",900,"5.5822343, -0.1135104",,,,
"Teshie, Teshie New Town",450,"5.5822343, -0.1135104",,,,
"Teshie, Teshie New Town",600,"5.5822343, -0.1135104",,,,
"Teshie, Teshie New Town",500,"5.5822343, -0.1135104",,,,
"Teshie, Teshie New Town",700,"5.5822343, -0.1135104",,,,
"Teshie, Teshie New Town",700,"5.5822343, -0.1135104",,,,
"Teshie, Teshie New Town",500,"5.5822343, -0.1135104",,,,
"Teshie, Teshie New Town",850,"5.5822343, -0.1135104",,,,
"Teshie, Tseaddo","1,000","5.5822343, -0.1135104",,,,
"Teshie, Tseaddo","3,000","5.5822343, -0.1135104",,,,
"Teshie, Tsui-Bleoo",650,"5.5822343, -0.1135104",,,,
"Teshie, Tsui-Bleoo",600,"5.5822343, -0.1135104",,,,
Teshie,150,"5.5822343, -0.1135104",,,,
Teshie,600,"5.5822343, -0.1135104",,,,
Teshie,700,"5.5822343, -0.1135104",,,,
Teshie,600,"5.5822343, -0.1135104",,,,
Teshie,450,"5.5822343, -0.1135104",,,,
Teshie,500,"5.5822343, -0.1135104",,,,
Teshie,350,"5.5822343, -0.1135104",,,,
Teshie,350,"5.5822343, -0.1135104",,,,
Teshie,300,"5.5822343, -0.1135104",,,,
Teshie,500,"5.5822343, -0.1135104",,,,
Teshie,500,"5.5822343, -0.1135104",,,,
Teshie,350,"5.5822343, -0.1135104",,,,
Teshie,450,"5.5822343, -0.1135104",,,,
Teshie,600,"5.5822343, -0.1135104",,,,
Teshie,600,"5.5822343, -0.1135104",,,,
Teshie,500,"5.5822343, -0.1135104",,,,
Teshie,450,"5.5822343, -0.1135104",,,,
Tantra hills ,600,"5.6450157, -0.2513206",,,,
Tantra hills ,500,"5.6450157, -0.2513206",,,,
Tantra hills ,600,"5.6450157, -0.2513206",,,,
Tantra hills ,320,"5.6450157, -0.2513206",,,,
Tantra hills ,450,"5.6450157, -0.2513206",,,,
Tantra hills ,700,"5.6450157, -0.2513206",,,,
Tantra hills ,700,"5.6450157, -0.2513206",,,,
Tantra hills ,500,"5.6450157, -0.2513206",,,,
Tantra hills ,600,"5.6450157, -0.2513206",,,,
Tantra hills ,600,"5.6450157, -0.2513206",,,,
Tantra hills ,600,"5.6450157, -0.2513206",,,,
Tantra hills ,800,"5.6450157, -0.2513206",,,,
Tantra hills ,"1,600","5.6450157, -0.2513206",,,,
Tantra hills ,300,"5.6450157, -0.2513206",,,,
Abelemkpe,900,"5.60734, -0.2127",,,,
Abelemkpe,700,"5.60734, -0.2127",,,,
Ablekuma,250,"5.60734, -0.2127",,,,
Abelemkpe,600,"5.60734, -0.2127",,,,
Abelemkpe,650,"5.60734, -0.2127",,,,
Abelemkpe,600,"5.60734, -0.2127",,,,
Abelemkpe,700,"5.60734, -0.2127",,,,
Abelemkpe,700,"5.60734, -0.2127",,,,
Abelemkpe,700,"5.60734, -0.2127",,,,
Abelemkpe,700,"5.60734, -0.2127",,,,
Abelemkpe,400,"5.60734, -0.2127",,,,
Abelemkpe,"1,000","5.60734, -0.2127",,,,
Abelemkpe,650,"5.60734, -0.2127",,,,
Abelemkpe,"1,500","5.60734, -0.2127",,,,
Westland,600,"5.6555379, -0.2090117",,,,
Westland,800,"5.6555379, -0.2090117",,,,
Westland,"4,200","5.6555379, -0.2090117",,,,
Westland,800,"5.6555379, -0.2090117",,,,
Westland,800,"5.6555379, -0.2090117",,,,
Westland,700,"5.6555379, -0.2090117",,,,
Westland,700,"5.6555379, -0.2090117",,,,
Westland,700,"5.6555379, -0.2090117",,,,
Westland,700,"5.6555379, -0.2090117",,,,
Westland,300,"5.6555379, -0.2090117",,,,
Westland,1050,"5.6555379, -0.2090117",,,,
Westland,650,"5.6555379, -0.2090117",,,,
Westland,800,"5.6555379, -0.2090117",,,,
kwabenya,800,"5.6738604, -0.2488115",,,,
kwabenya,800,"5.6738604, -0.2488115",,,,
kwabenya,800,"5.6738604, -0.2488115",,,,
kwabenya,800,"5.6738604, -0.2488115",,,,
kwabenya,400,"5.6738604, -0.2488115",,,,
kwabenya,"1,500","5.6738604, -0.2488115",,,,
kwabenya,900,"5.6738604, -0.2488115",,,,
kwabenya,900,"5.6738604, -0.2488115",,,,
Awoshie,500,"5.5872780, -0.2780901",,,,
Awoshie,300,"5.5872780, -0.2780901",,,,
Awoshie,900,"5.5872780, -0.2780901",,,,
Awoshie,400,"5.5872780, -0.2780901",,,,
Awoshie,300,"5.5872780, -0.2780901",,,,
Awoshie,900,"5.5872780, -0.2780901",,,,
Awoshie,900,"5.5872780, -0.2780901",,,,
Awoshie,900,"5.5872780, -0.2780901",,,,
Awoshie,250,"5.5872780, -0.2780901",,,,
Awoshie,250,"5.5872780, -0.2780901",,,,
Awoshie,350,"5.5872780, -0.2780901",,,,
Awoshie,550,"5.5872780, -0.2780901",,,,
Awoshie,550,"5.5872780, -0.2780901",,,,
Awoshie,550,"5.5872780, -0.2780901",,,,
Awoshie,550,"5.5872780, -0.2780901",,,,
Awoshie,550,"5.5872780, -0.2780901",,,,
Awoshie,550,"5.5872780, -0.2780901",,,,
Awoshie,400,"5.5872780, -0.2780901",,,,
Awoshie,600,"5.5872780, -0.2780901",,,,
Awoshie,500,"5.5872780, -0.2780901",,,,
Awoshie,200,"5.5872780, -0.2780901",,,,
Awoshie,400,"5.5872780, -0.2780901",,,,
Awoshie,350,"5.5872780, -0.2780901",,,,
Awoshie,300,"5.5872780, -0.2780901",,,,
Awoshie,400,"5.5872780, -0.2780901",,,,
Awoshie,400,"5.5872780, -0.2780901",,,,
Awoshie,550,"5.5872780, -0.2780901",,,,
Awoshie,450,"5.5872780, -0.2780901",,,,
Awoshie,350,"5.5872780, -0.2780901",,,,
Awoshie,200,"5.5872780, -0.2780901",,,,
Awoshie,600,"5.5872780, -0.2780901",,,,
Awoshie,700,"5.5872780, -0.2780901",,,,
Awoshie,400,"5.5872780, -0.2780901",,,,
Awoshie,260,"5.5872780, -0.2780901",,,,
Awoshie,250,"5.5872780, -0.2780901",,,,
Awoshie,450,"5.5872780, -0.2780901",,,,
Dansoman,350,"5.5468112, -0.2656595",,,,
Dansoman,180,"5.5468112, -0.2656595",,,,
Dansoman,550,"5.5468112, -0.2656595",,,,
Dansoman,650,"5.5468112, -0.2656595",,,,
Dansoman,550,"5.5468112, -0.2656595",,,,
Dansoman,"1,000","5.5468112, -0.2656595",,,,
Dansoman,500,"5.5468112, -0.2656595",,,,
Dansoman,600,"5.5468112, -0.2656595",,,,
Dansoman,450,"5.5468112, -0.2656595",,,,
Dansoman,800,"5.5468112, -0.2656595",,,,
Dansoman,600,"5.5468112, -0.2656595",,,,
Dansoman,400,"5.5468112, -0.2656595",,,,
Dansoman,380,"5.5468112, -0.2656595",,,,
Dansoman,600,"5.5468112, -0.2656595",,,,
Dansoman,500,"5.5468112, -0.2656595",,,,
Dansoman,450,"5.5468112, -0.2656595",,,,
Dansoman,550,"5.5468112, -0.2656595",,,,
Dansoman,400,"5.5468112, -0.2656595",,,,
Dansoman,550,"5.5468112, -0.2656595",,,,
Dansoman,350,"5.5468112, -0.2656595",,,,
Dansoman,850,"5.5468112, -0.2656595",,,,
Dansoman,250,"5.5468112, -0.2656595",,,,
Dansoman,600,"5.5468112, -0.2656595",,,,
Dansoman,700,"5.5468112, -0.2656595",,,,
Dansoman,200,"5.5468112, -0.2656595",,,,
Kasoa,600,"5.5325730, -0.4374910",,,,
Kasoa,100,"5.5325730, -0.4374910",,,,
Kasoa,400,"5.5325730, -0.4374910",,,,
Kasoa,300,"5.5325730, -0.4374910",,,,
Kasoa,200,"5.5325730, -0.4374910",,,,
Kasoa,450,"5.5325730, -0.4374910",,,,
Kasoa,300,"5.5325730, -0.4374910",,,,
Kasoa,450,"5.5325730, -0.4374910",,,,
Kasoa,150,"5.5325730, -0.4374910",,,,
Kasoa,360,"5.5325730, -0.4374910",,,,
Kasoa,600,"5.5325730, -0.4374910",,,,
Kasoa,400,"5.5325730, -0.4374910",,,,
Kasoa,600,"5.5325730, -0.4374910",,,,
Kasoa,350,"5.5325730, -0.4374910",,,,
Kasoa,500,"5.5325730, -0.4374910",,,,
Kasoa,500,"5.5325730, -0.4374910",,,,
Kasoa,350,"5.5325730, -0.4374910",,,,
Kasoa,202,"5.5325730, -0.4374910",,,,
Kasoa,400,"5.5325730, -0.4374910",,,,
Kasoa,300,"5.5325730, -0.4374910",,,,
Kasoa,900,"5.5325730, -0.4374910",,,,
Kasoa,300,"5.5325730, -0.4374910",,,,
Kasoa,350,"5.5325730, -0.4374910",,,,
Kasoa,350,"5.5325730, -0.4374910",,,,
Kasoa,600,"5.5325730, -0.4374910",,,,
Kasoa,165,"5.5325730, -0.4374910",,,,
Kasoa,200,"5.5325730, -0.4374910",,,,
Kasoa,160,"5.5325730, -0.4374910",,,,
Kasoa,140,"5.5325730, -0.4374910",,,,
Kasoa,600,"5.5325730, -0.4374910",,,,
Kasoa,400,"5.5325730, -0.4374910",,,,
Kasoa,250,"5.5325730, -0.4374910",,,,
Kasoa,250,"5.5325730, -0.4374910",,,,
Kasoa,200,"5.5325730, -0.4374910",,,,
Kasoa,400,"5.5325730, -0.4374910",,,,
Kasoa,300,"5.5325730, -0.4374910",,,,
Kasoa,400,"5.5325730, -0.4374910",,,,
Kasoa,300,"5.5325730, -0.4374910",,,,
Kasoa,350,"5.5325730, -0.4374910",,,,
Kasoa,300,"5.5325730, -0.4374910",,,,
Kasoa,300,"5.5325730, -0.4374910",,,,
Kasoa,400,"5.5325730, -0.4374910",,,,
Dzorwulu,500,"5.6130923, -0.1991566",,,,
Dzorwulu,900,"5.6130923, -0.1991566",,,,
Dzorwulu,"4,300","5.6130923, -0.1991566",,,,
Dzorwulu,"3,900","5.6130923, -0.1991566",,,,
Dzorwulu,"2,800","5.6130923, -0.1991566",,,,
Dzorwulu,"5,750","5.6130923, -0.1991566",,,,
Dzorwulu,"2,875","5.6130923, -0.1991566",,,,
Dzorwulu,"3,000","5.6130923, -0.1991566",,,,
Dzorwulu,"3,600","5.6130923, -0.1991566",,,,
Dzorwulu,700,"5.6130923, -0.1991566",,,,
Dzorwulu,"1,500","5.6130923, -0.1991566",,,,
Dzorwulu,"2,880","5.6130923, -0.1991566",,,,
Madina,350,"5.6864962, -0.1677052",,,,
Madina,400,"5.6864962, -0.1677052",,,,
Madina,700,"5.6864962, -0.1677052",,,,
Madina,550,"5.6864962, -0.1677052",,,,
Madina,400,"5.6864962, -0.1677052",,,,
Madina,650,"5.6864962, -0.1677052",,,,
Madina,600,"5.6864962, -0.1677052",,,,
Madina,600,"5.6864962, -0.1677052",,,,
Madina,500,"5.6864962, -0.1677052",,,,
Madina,600,"5.6864962, -0.1677052",,,,
Madina,600,"5.6864962, -0.1677052",,,,
Madina,600,"5.6864962, -0.1677052",,,,
Madina,600,"5.6864962, -0.1677052",,,,
Madina,300,"5.6864962, -0.1677052",,,,
Madina,400,"5.6864962, -0.1677052",,,,
Madina,350,"5.6864962, -0.1677052",,,,
Madina,400,"5.6864962, -0.1677052",,,,
Madina,160,"5.6864962, -0.1677052",,,,
Madina,500,"5.6864962, -0.1677052",,,,
Madina,600,"5.6864962, -0.1677052",,,,
Madina,700,"5.6864962, -0.1677052",,,,
Madina,350,"5.6864962, -0.1677052",,,,
Madina,500,"5.6864962, -0.1677052",,,,
Madina,500,"5.6864962, -0.1677052",,,,
Madina,600,"5.6864962, -0.1677052",,,,
Madina,400,"5.6864962, -0.1677052",,,,
Madina,150,"5.6864962, -0.1677052",,,,
Madina,500,"5.6864962, -0.1677052",,,,
Madina,700,"5.6864962, -0.1677052",,,,
Madina,190,"5.6864962, -0.1677052",,,,
Madina,350,"5.6864962, -0.1677052",,,,
Madina,500,"5.6864962, -0.1677052",,,,
Madina,270,"5.6864962, -0.1677052",,,,
Madina,380,"5.6864962, -0.1677052",,,,
Madina,200,"5.6864962, -0.1677052",,,,
Madina,400,"5.6864962, -0.1677052",,,,
Madina,600,"5.6864962, -0.1677052",,,,
Adjiringanor,"1,200","5.6496506, -0.1366577",,,,
Adjiringanor,"1,000","5.6496506, -0.1366577",,,,
Adjiringanor,"1,200","5.6496506, -0.1366577",,,,
Adjiringanor,"1,800","5.6496506, -0.1366577",,,,
Adjiringanor,"1,200","5.6496506, -0.1366577",,,,
Adjiringanor,"1,100","5.6496506, -0.1366577",,,,
Adjiringanor,"1,300","5.6496506, -0.1366577",,,,
Adjiringanor,600,"5.6496506, -0.1366577",,,,
Adjiringanor,"1,500","5.6496506, -0.1366577",,,,
Adjiringanor,600,"5.6496506, -0.1366577",,,,
Adjiringanor,600,"5.6496506, -0.1366577",,,,
Adjiringanor,"1,500","5.6496506, -0.1366577",,,,
"Adjiriganor, Ability",700,"5.6496506, -0.1366577",,,,
Oyarifa,700,"5.7569720, -0.1748633",,,,
Oyarifa,700,"5.7569720, -0.1748633",,,,
Oyarifa,700,"5.7569720, -0.1748633",,,,
Oyarifa,750,"5.7569720, -0.1748633",,,,
Oyarifa,800,"5.7569720, -0.1748633",,,,
Oyarifa,400,"5.7569720, -0.1748633",,,,
Oyarifa,350,"5.7569720, -0.1748633",,,,
Oyarifa,800,"5.7569720, -0.1748633",,,,
Oyarifa,400,"5.7569720, -0.1748633",,,,
Oyarifa,250,"5.7569720, -0.1748633",,,,
Oyarifa,550,"5.7569720, -0.1748633",,,,
Oyarifa,450,"5.7569720, -0.1748633",,,,
Oyarifa,550,"5.7569720, -0.1748633",,,,
Oyarifa,"1,200","5.7569720, -0.1748633",,,,
Oyarifa,450,"5.7569720, -0.1748633",,,,
Oyarifa,450,"5.7569720, -0.1748633",,,,
Oyarifa,450,"5.7569720, -0.1748633",,,,
Oyarifa,500,"5.7569720, -0.1748633",,,,
Oyarifa,350,"5.7569720, -0.1748633",,,,
Oyarifa,400,"5.7569720, -0.1748633",,,,
Oyarifa,850,"5.7569720, -0.1748633",,,,
Oyarifa,450,"5.7569720, -0.1748633",,,,
Oyarifa,850,"5.7569720, -0.1748633",,,,
Oyarifa,350,"5.7569720, -0.1748633",,,,
Oyarifa,500,"5.7569720, -0.1748633",,,,
Oyarifa,350,"5.7569720, -0.1748633",,,,
Pokuase,250,"5.6892131, -0.2826359",,,,
Pokuase,250,"5.6892131, -0.2826359",,,,
Pokuase,350,"5.6892131, -0.2826359",,,,
Pokuase,360,"5.6892131, -0.2826359",,,,
Pokuase,350,"5.6892131, -0.2826359",,,,
Pokuase,700,"5.6892131, -0.2826359",,,,
Pokuase,200,"5.6892131, -0.2826359",,,,
Pokuase,250,"5.6892131, -0.2826359",,,,
Pokuase,700,"5.6892131, -0.2826359",,,,
Pokuase,500,"5.6892131, -0.2826359",,,,
Pokuase,350,"5.6892131, -0.2826359",,,,
Pokuase,350,"5.6892131, -0.2826359",,,,
Pokuase,400,"5.6892131, -0.2826359",,,,
Pokuase,300,"5.6892131, -0.2826359",,,,
Pokuase,300,"5.6892131, -0.2826359",,,,
Pokuase,400,"5.6892131, -0.2826359",,,,
Pokuase,600,"5.6892131, -0.2826359",,,,
Pokuase,700,"5.6892131, -0.2826359",,,,
Pokuase,300,"5.6892131, -0.2826359",,,,
Pokuase,400,"5.6892131, -0.2826359",,,,
Pokuase,600,"5.6892131, -0.2826359",,,,
Pokuase,100,"5.6892131, -0.2826359",,,,
Pokuase,400,"5.6892131, -0.2826359",,,,
Pokuase,"1,100","5.6892131, -0.2826359",,,,
Pokuase,"1,100","5.6892131, -0.2826359",,,,
Pokuase,350,"5.6892131, -0.2826359",,,,
Pokuase,400,"5.6892131, -0.2826359",,,,
Pokuase,600,"5.6892131, -0.2826359",,,,
Pokuase,250,"5.6892131, -0.2826359",,,,
Pokuase,220,"5.6892131, -0.2826359",,,,
Pokuase,350,"5.6892131, -0.2826359",,,,
Lapaz  ,300,"5.6073648, -0.2486900",,,,
Lapaz  ,550,"5.6073648, -0.2486900",,,,
Lapaz  ,450,"5.6073648, -0.2486900",,,,
Lapaz  ,400,"5.6073648, -0.2486900",,,,
Lapaz  ,700,"5.6073648, -0.2486900",,,,
Lapaz  ,"1,000","5.6073648, -0.2486900",,,,
Lapaz  ,500,"5.6073648, -0.2486900",,,,
Lapaz  ,500,"5.6073648, -0.2486900",,,,
Lapaz  ,450,"5.6073648, -0.2486900",,,,
Lapaz  ,700,"5.6073648, -0.2486900",,,,
Lapaz  ,500,"5.6073648, -0.2486900",,,,
Lapaz  ,550,"5.6073648, -0.2486900",,,,
Lapaz  ,550,"5.6073648, -0.2486900",,,,
Lapaz  ,300,"5.6073648, -0.2486900",,,,
Lapaz  ,350,"5.6073648, -0.2486900",,,,
Lapaz  ,600,"5.6073648, -0.2486900",,,,
Lapaz  ,450,"5.6073648, -0.2486900",,,,
Lapaz  ,500,"5.6073648, -0.2486900",,,,
Lapaz  ,400,"5.6073648, -0.2486900",,,,
Lapaz  ,800,"5.6073648, -0.2486900",,,,
Lapaz  ,900,"5.6073648, -0.2486900",,,,
Lapaz  ,500,"5.6073648, -0.2486900",,,,
Lapaz  ,500,"5.6073648, -0.2486900",,,,
Lapaz  ,500,"5.6073648, -0.2486900",,,,
Lapaz  ,270,"5.6073648, -0.2486900",,,,
Lapaz  ,450,"5.6073648, -0.2486900",,,,
Lapaz  ,300,"5.6073648, -0.2486900",,,,
Lapaz  ,450,"5.6073648, -0.2486900",,,,
Lapaz  ,550,"5.6073648, -0.2486900",,,,
Lapaz  ,1500,"5.6073648, -0.2486900",,,,
Lapaz  ,550,"5.6073648, -0.2486900",,,,
Lapaz  ,400,"5.6073648, -0.2486900",,,,
Lapaz  ,1500,"5.6073648, -0.2486900",,,,
Lapaz  ,450,"5.6073648, -0.2486900",,,,
Lapaz  ,250,"5.6073648, -0.2486900",,,,
Lapaz  ,500,"5.6073648, -0.2486900",,,,
Lapaz  ,550,"5.6073648, -0.2486900",,,,
Lapaz  ,600,"5.6073648, -0.2486900",,,,
Lapaz  ,280,"5.6073648, -0.2486900",,,,
Lapaz  ,700,"5.6073648, -0.2486900",,,,
Lapaz  ,350,"5.6073648, -0.2486900",,,,
Lapaz  ,650,"5.6073648, -0.2486900",,,,
Lapaz  ,450,"5.6073648, -0.2486900",,,,
Lapaz  ,500,"5.6073648, -0.2486900",,,,
Lapaz  ,1000,"5.6073648, -0.2486900",,,,
Lapaz  ,850,"5.6073648, -0.2486900",,,,
Lapaz  ,500,"5.6073648, -0.2486900",,,,
Lapaz  ,600,"5.6073648, -0.2486900",,,,
Lapaz  ,400,"5.6073648, -0.2486900",,,,
Lapaz  ,600,"5.6073648, -0.2486900",,,,
Lapaz  ,400,"5.6073648, -0.2486900",,,,
Lapaz  ,600,"5.6073648, -0.2486900",,,,
Lapaz  ,1000,"5.6073648, -0.2486900",,,,
Dome,500,"5.6554227, -0.2328841",,,,
Dome,"1,000","5.6554227, -0.2328841",,,,
Dome,900,"5.6554227, -0.2328841",,,,
Dome,700,"5.6554227, -0.2328841",,,,
Dome,600,"5.6554227, -0.2328841",,,,
Dome,600,"5.6554227, -0.2328841",,,,
Dome,500,"5.6554227, -0.2328841",,,,
Dome,550,"5.6554227, -0.2328841",,,,
Dome,550,"5.6554227, -0.2328841",,,,
Dome,"1,000","5.6554227, -0.2328841",,,,
Dome,1000,"5.6554227, -0.2328841",,,,
Dome,500,"5.6554227, -0.2328841",,,,
Dome,700,"5.6554227, -0.2328841",,,,
Dome,700,"5.6554227, -0.2328841",,,,
Dome,1000,"5.6554227, -0.2328841",,,,
Dome,1000,"5.6554227, -0.2328841",,,,
Dome,350,"5.6554227, -0.2328841",,,,
Dome,1000,"5.6554227, -0.2328841",,,,
Dome,300,"5.6554227, -0.2328841",,,,
Dome,700,"5.6554227, -0.2328841",,,,
Dome,200,"5.6554227, -0.2328841",,,,
Dome,550,"5.6554227, -0.2328841",,,,
Dome,300,"5.6554227, -0.2328841",,,,
Dome,800,"5.6554227, -0.2328841",,,,
Dome,700,"5.6554227, -0.2328841",,,,
Dome,900,"5.6554227, -0.2328841",,,,
Dome,600,"5.6554227, -0.2328841",,,,
Dome,600,"5.6554227, -0.2328841",,,,
Dome,800,"5.6554227, -0.2328841",,,,
Dome,1500,"5.6554227, -0.2328841",,,,
Dome,600,"5.6554227, -0.2328841",,,,
Dome,500,"5.6554227, -0.2328841",,,,
Dome,500,"5.6554227, -0.2328841",,,,
Dome,550,"5.6554227, -0.2328841",,,,
Dome,600,"5.6554227, -0.2328841",,,,
Dome,500,"5.6554227, -0.2328841",,,,
Dome,300,"5.6554227, -0.2328841",,,,
Dome,350,"5.6554227, -0.2328841",,,,
Dome,600,"5.6554227, -0.2328841",,,,
Dome,500,"5.6554227, -0.2328841",,,,
Dome,250,"5.6554227, -0.2328841",,,,
Dome,700,"5.6554227, -0.2328841",,,,
Dome,500,"5.6554227, -0.2328841",,,,
Dome,1500,"5.6554227, -0.2328841",,,,
Dome,500,"5.6554227, -0.2328841",,,,
Dome,500,"5.6554227, -0.2328841",,,,
Dome,500,"5.6554227, -0.2328841",,,,
Dome,550,"5.6554227, -0.2328841",,,,
Dome,600,"5.6554227, -0.2328841",,,,
Dome,500,"5.6554227, -0.2328841",,,,
Dome,300,"5.6554227, -0.2328841",,,,
Dome,350,"5.6554227, -0.2328841",,,,
Dome,600,"5.6554227, -0.2328841",,,,
Dome,500,"5.6554227, -0.2328841",,,,
Dome,250,"5.6554227, -0.2328841",,,,
Dome,700,"5.6554227, -0.2328841",,,,
Dome,500,"5.6554227, -0.2328841",,,,
Dome,1500,"5.6554227, -0.2328841",,,,
Dome,500,"5.6554227, -0.2328841",,,,
Ashaley Botwe,700,"5.6864517, -0.1369489",,,,
Ashaley Botwe,600,"5.6864517, -0.1369489",,,,
Ashaley Botwe,400,"5.6864517, -0.1369489",,,,
Ashaley Botwe,700,"5.6864517, -0.1369489",,,,
Ashaley Botwe,400,"5.6864517, -0.1369489",,,,
Ashaley Botwe,700,"5.6864517, -0.1369489",,,,
Ashaley Botwe,700,"5.6864517, -0.1369489",,,,
Ashaley Botwe,600,"5.6864517, -0.1369489",,,,
Ashaley Botwe,600,"5.6864517, -0.1369489",,,,
Ashaley Botwe,600,"5.6864517, -0.1369489",,,,
Ashaley Botwe,600,"5.6864517, -0.1369489",,,,
Ashaley Botwe,1000,"5.6864517, -0.1369489",,,,
Ashaley Botwe,600,"5.6864517, -0.1369489",,,,
Ashaley Botwe,700,"5.6864517, -0.1369489",,,,
Ashaley Botwe,350,"5.6864517, -0.1369489",,,,
Ashaley Botwe,200,"5.6864517, -0.1369489",,,,
Ashaley Botwe,700,"5.6864517, -0.1369489",,,,
Ashaley Botwe,1050,"5.6864517, -0.1369489",,,,
Ashaley Botwe,500,"5.6864517, -0.1369489",,,,
Ashaley Botwe,1000,"5.6864517, -0.1369489",,,,
Ashaley Botwe,400,"5.6864517, -0.1369489",,,,
Ashaley Botwe,600,"5.6864517, -0.1369489",,,,
Ashaley Botwe,"1,000","5.6864517, -0.1369489",,,,
Ashaley Botwe,600,"5.6864517, -0.1369489",,,,
Ashaley Botwe,650,"5.6864517, -0.1369489",,,,
Ashaley Botwe,400,"5.6864517, -0.1369489",,,,
Ashaley Botwe,280,"5.6864517, -0.1369489",,,,
Ashaley Botwe,750,"5.6864517, -0.1369489",,,,
Ashaley Botwe,350,"5.6864517, -0.1369489",,,,
Ashaley Botwe,500,"5.6864517, -0.1369489",,,,
Ashaley Botwe,270,"5.6864517, -0.1369489",,,,
Ashaley Botwe,600,"5.6864517, -0.1369489",,,,
Ashaley Botwe,2030,"5.6864517, -0.1369489",,,,
Ashaley Botwe,600,"5.6864517, -0.1369489",,,,
Ashaley Botwe,600,"5.6864517, -0.1369489",,,,
Ashaley Botwe,1500,"5.6864517, -0.1369489",,,,
Ashaley Botwe,1500,"5.6864517, -0.1369489",,,,
Ashaley Botwe,600,"5.6864517, -0.1369489",,,,
Ashaley Botwe,600,"5.6864517, -0.1369489",,,,
Ashaley Botwe,220,"5.6864517, -0.1369489",,,,
Ashaley Botwe,400,"5.6864517, -0.1369489",,,,
Ashaley Botwe,280,"5.6864517, -0.1369489",,,,
Ashaley Botwe,750,"5.6864517, -0.1369489",,,,
Ashaley Botwe,350,"5.6864517, -0.1369489",,,,
Ashaley Botwe,500,"5.6864517, -0.1369489",,,,
Ashaley Botwe,270,"5.6864517, -0.1369489",,,,
Ashaley Botwe,600,"5.6864517, -0.1369489",,,,
Ashaley Botwe,2030,"5.6864517, -0.1369489",,,,
Ashaley Botwe,600,"5.6864517, -0.1369489",,,,
Ashaley Botwe,600,"5.6864517, -0.1369489",,,,
Ashaley Botwe,1500,"5.6864517, -0.1369489",,,,
Ashaley Botwe,1500,"5.6864517, -0.1369489",,,,
Ashaley Botwe,600,"5.6864517, -0.1369489",,,,
Ashaley Botwe,600,"5.6864517, -0.1369489",,,,
Ashaley Botwe,220,"5.6864517, -0.1369489",,,,
Weija,700,"5.5792263, -0.3306792",,,,
Weija,300,"5.5792263, -0.3306792",,,,
Weija,650,"5.5792263, -0.3306792",,,,
Weija,"2,600","5.5792263, -0.3306792",,,,
Weija,600,"5.5792263, -0.3306792",,,,
Weija,350,"5.5792263, -0.3306792",,,,
Weija,350,"5.5792263, -0.3306792",,,,
Weija,130,"5.5792263, -0.3306792",,,,
Weija,600,"5.5792263, -0.3306792",,,,
Weija,450,"5.5792263, -0.3306792",,,,
Weija,600,"5.5792263, -0.3306792",,,,
Weija,350,"5.5792263, -0.3306792",,,,
Weija,500,"5.5792263, -0.3306792",,,,
Weija,650,"5.5792263, -0.3306792",,,,
Weija,700,"5.5792263, -0.3306792",,,,
Weija,380,"5.5792263, -0.3306792",,,,
Weija,400,"5.5792263, -0.3306792",,,,
Weija,270,"5.5792263, -0.3306792",,,,
Weija,400,"5.5792263, -0.3306792",,,,
Weija,400,"5.5792263, -0.3306792",,,,
Weija,500,"5.5792263, -0.3306792",,,,
Weija,250,"5.5792263, -0.3306792",,,,
Weija,250,"5.5792263, -0.3306792",,,,
Weija,350,"5.5792263, -0.3306792",,,,
Weija,600,"5.5792263, -0.3306792",,,,
Weija,800,"5.5792263, -0.3306792",,,,
Weija,500,"5.5792263, -0.3306792",,,,
Weija,600,"5.5792263, -0.3306792",,,,
Weija,600,"5.5792263, -0.3306792",,,,
Weija,500,"5.5792263, -0.3306792",,,,
Weija,200,"5.5792263, -0.3306792",,,,
Weija,300,"5.5792263, -0.3306792",,,,
Weija,400,"5.5792263, -0.3306792",,,,
Weija,600,"5.5792263, -0.3306792",,,,
Weija,350,"5.5792263, -0.3306792",,,,
Weija,350,"5.5792263, -0.3306792",,,,
Weija,420,"5.5792263, -0.3306792",,,,
Weija,200,"5.5792263, -0.3306792",,,,
Weija,400,"5.5792263, -0.3306792",,,,
Weija,550,"5.5792263, -0.3306792",,,,
Weija,400,"5.5792263, -0.3306792",,,,
Weija,350,"5.5792263, -0.3306792",,,,
Weija,380,"5.5792263, -0.3306792",,,,
Weija,400,"5.5792263, -0.3306792",,,,
Weija,420,"5.5792263, -0.3306792",,,,
Weija,800,"5.5792263, -0.3306792",,,,
Weija,350,"5.5792263, -0.3306792",,,,
Weija,350,"5.5792263, -0.3306792",,,,
Weija,700,"5.5792263, -0.3306792",,,,
Weija,800,"5.5792263, -0.3306792",,,,
Weija,400,"5.5792263, -0.3306792",,,,
Weija,300,"5.5792263, -0.3306792",,,,
Weija,200,"5.5792263, -0.3306792",,,,
Weija,300,"5.5792263, -0.3306792",,,,
Weija,400,"5.5792263, -0.3306792",,,,
Weija,600,"5.5792263, -0.3306792",,,,
Weija,350,"5.5792263, -0.3306792",,,,
Weija,350,"5.5792263, -0.3306792",,,,
Weija,420,"5.5792263, -0.3306792",,,,
Weija,200,"5.5792263, -0.3306792",,,,
Weija,400,"5.5792263, -0.3306792",,,,
Weija,550,"5.5792263, -0.3306792",,,,
Weija,400,"5.5792263, -0.3306792",,,,
Weija,350,"5.5792263, -0.3306792",,,,
Weija,380,"5.5792263, -0.3306792",,,,
Weija,400,"5.5792263, -0.3306792",,,,
Weija,420,"5.5792263, -0.3306792",,,,
Weija,800,"5.5792263, -0.3306792",,,,
Weija,350,"5.5792263, -0.3306792",,,,
Weija,350,"5.5792263, -0.3306792",,,,
Weija,700,"5.5792263, -0.3306792",,,,
Weija,800,"5.5792263, -0.3306792",,,,
Weija,400,"5.5792263, -0.3306792",,,,
Weija,300,"5.5792263, -0.3306792",,,,
Achimota,500,"5.6242019, -0.2276807",,,,
Achimota,600,"5.6242019, -0.2276807",,,,
Achimota,800,"5.6242019, -0.2276807",,,,
Achimota,"1,100","5.6242019, -0.2276807",,,,
Achimota,700,"5.6242019, -0.2276807",,,,
Achimota,700,"5.6242019, -0.2276807",,,,
Achimota,700,"5.6242019, -0.2276807",,,,
Achimota,"3,500","5.6242019, -0.2276807",,,,
Achimota,400,"5.6242019, -0.2276807",,,,
Achimota,600,"5.6242019, -0.2276807",,,,
Achimota,700,"5.6242019, -0.2276807",,,,
Achimota,600,"5.6242019, -0.2276807",,,,
Achimota,"3,000","5.6242019, -0.2276807",,,,
Achimota,700,"5.6242019, -0.2276807",,,,
Achimota,600,"5.6242019, -0.2276807",,,,
Achimota,750,"5.6242019, -0.2276807",,,,
Achimota,600,"5.6242019, -0.2276807",,,,
Achimota,600,"5.6242019, -0.2276807",,,,
Achimota,600,"5.6242019, -0.2276807",,,,
Achimota,501,"5.6242019, -0.2276807",,,,
Achimota,500,"5.6242019, -0.2276807",,,,
Achimota,450,"5.6242019, -0.2276807",,,,
Achimota,700,"5.6242019, -0.2276807",,,,
Achimota,"1,000","5.6242019, -0.2276807",,,,
Achimota,500,"5.6242019, -0.2276807",,,,
Achimota,800,"5.6242019, -0.2276807",,,,
Achimota,500,"5.6242019, -0.2276807",,,,
Achimota,700,"5.6242019, -0.2276807",,,,
Achimota,900,"5.6242019, -0.2276807",,,,
Achimota,800,"5.6242019, -0.2276807",,,,
Achimota,800,"5.6242019, -0.2276807",,,,
Achimota,700,"5.6242019, -0.2276807",,,,
Achimota,800,"5.6242019, -0.2276807",,,,
Achimota,700,"5.6242019, -0.2276807",,,,
Achimota,800,"5.6242019, -0.2276807",,,,
Achimota,600,"5.6242019, -0.2276807",,,,
Achimota,250,"5.6242019, -0.2276807",,,,
Achimota,500,"5.6242019, -0.2276807",,,,
Achimota,280,"5.6242019, -0.2276807",,,,
Achimota,250,"5.6242019, -0.2276807",,,,
Achimota,500,"5.6242019, -0.2276807",,,,
Achimota,300,"5.6242019, -0.2276807",,,,
Achimota,250,"5.6242019, -0.2276807",,,,
Achimota,500,"5.6242019, -0.2276807",,,,
Achimota,700,"5.6242019, -0.2276807",,,,
Achimota,700,"5.6242019, -0.2276807",,,,
Achimota,750,"5.6242019, -0.2276807",,,,
Achimota,800,"5.6242019, -0.2276807",,,,
Achimota,600,"5.6242019, -0.2276807",,,,
Achimota,300,"5.6242019, -0.2276807",,,,
Achimota,450,"5.6242019, -0.2276807",,,,
Achimota,600,"5.6242019, -0.2276807",,,,
Achimota,500,"5.6242019, -0.2276807",,,,
Achimota,750,"5.6242019, -0.2276807",,,,
Achimota,350,"5.6242019, -0.2276807",,,,
Achimota,1500,"5.6242019, -0.2276807",,,,
Achimota,1000,"5.6242019, -0.2276807",,,,
Achimota,600,"5.6242019, -0.2276807",,,,
Achimota,800,"5.6242019, -0.2276807",,,,
Achimota,1800,"5.6242019, -0.2276807",,,,
Achimota,1100,"5.6242019, -0.2276807",,,,
Achimota,500,"5.6242019, -0.2276807",,,,
Achimota,500,"5.6242019, -0.2276807",,,,
Achimota,300,"5.6242019, -0.2276807",,,,
Achimota,350,"5.6242019, -0.2276807",,,,
Achimota,"3,000","5.6242019, -0.2276807",,,,
Achimota,750,"5.6242019, -0.2276807",,,,
Achimota,600,"5.6242019, -0.2276807",,,,
Achimota,400,"5.6242019, -0.2276807",,,,
Achimota,550,"5.6242019, -0.2276807",,,,
Achimota,600,"5.6242019, -0.2276807",,,,
Achimota,600,"5.6242019, -0.2276807",,,,
Achimota,600,"5.6242019, -0.2276807",,,,
Achimota,600,"5.6242019, -0.2276807",,,,
Achimota,500,"5.6242019, -0.2276807",,,,
Adenta,"2,500","5.7041391, -0.1687965",,,,
Adenta,400,"5.7041391, -0.1687965",,,,
Adenta,"1,200","5.7041391, -0.1687965",,,,
Adenta,550,"5.7041391, -0.1687965",,,,
Adenta,300,"5.7041391, -0.1687965",,,,
Adenta,600,"5.7041391, -0.1687965",,,,
Adenta,300,"5.7041391, -0.1687965",,,,
Adenta,500,"5.7041391, -0.1687965",,,,
Adenta,"10,500","5.7041391, -0.1687965",,,,
Adenta,"2,000","5.7041391, -0.1687965",,,,
Adenta,350,"5.7041391, -0.1687965",,,,
Adenta,"1,500","5.7041391, -0.1687965",,,,
Adenta,550,"5.7041391, -0.1687965",,,,
Adenta,620,"5.7041391, -0.1687965",,,,
Adenta,500,"5.7041391, -0.1687965",,,,
Adenta,610,"5.7041391, -0.1687965",,,,
Adenta,"2,500","5.7041391, -0.1687965",,,,
Adenta,600,"5.7041391, -0.1687965",,,,
Adenta,"1,000","5.7041391, -0.1687965",,,,
Adenta,700,"5.7041391, -0.1687965",,,,
Adenta,600,"5.7041391, -0.1687965",,,,
Adenta,500,"5.7041391, -0.1687965",,,,
Adenta,800,"5.7041391, -0.1687965",,,,
Adenta,"4,200","5.7041391, -0.1687965",,,,
Adenta,600,"5.7041391, -0.1687965",,,,
Adenta,400,"5.7041391, -0.1687965",,,,
Adenta,700,"5.7041391, -0.1687965",,,,
Adenta,500,"5.7041391, -0.1687965",,,,
Adenta,600,"5.7041391, -0.1687965",,,,
Adenta,500,"5.7041391, -0.1687965",,,,
Adenta,600,"5.7041391, -0.1687965",,,,
Adenta,400,"5.7041391, -0.1687965",,,,
Adenta,"1,000","5.7041391, -0.1687965",,,,
Adenta,700,"5.7041391, -0.1687965",,,,
"Adenta, Barrier / Adenta",700,"5.7041391, -0.1687965",,,,
"Adenta, Frafraha",900,"5.7041391, -0.1687965",,,,
"Adenta, New Legon",500,"5.7041391, -0.1687965",,,,
"Adenta, New Legon","1,000","5.7041391, -0.1687965",,,,
"Adenta, New Site",700,"5.7041391, -0.1687965",,,,
"Adenta, Sakora",450,"5.7041391, -0.1687965",,,,
 Adenta,"1,000","5.7041391, -0.1687965",,,,
 Adenta,600,"5.7041391, -0.1687965",,,,
 Adenta,900,"5.7041391, -0.1687965",,,,
 Adenta,"1,000","5.7041391, -0.1687965",,,,
 Adenta,800,"5.7041391, -0.1687965",,,,
 Adenta,500,"5.7041391, -0.1687965",,,,
 Adenta,700,"5.7041391, -0.1687965",,,,
 Adenta,500,"5.7041391, -0.1687965",,,,
 Adenta,660,"5.7041391, -0.1687965",,,,
 Adenta,250,"5.7041391, -0.1687965",,,,
 Adenta,350,"5.7041391, -0.1687965",,,,
 Adenta,900,"5.7041391, -0.1687965",,,,
 Adenta,600,"5.7041391, -0.1687965",,,,
 Adenta,800,"5.7041391, -0.1687965",,,,
 Adenta,350,"5.7041391, -0.1687965",,,,
 Adenta,800,"5.7041391, -0.1687965",,,,
 Adenta,800,"5.7041391, -0.1687965",,,,
 Adenta,800,"5.7041391, -0.1687965",,,,
 Adenta,400,"5.7041391, -0.1687965",,,,
 Adenta,600,"5.7041391, -0.1687965",,,,
 Adenta,500,"5.7041391, -0.1687965",,,,
 Adenta,600,"5.7041391, -0.1687965",,,,
 Adenta,600,"5.7041391, -0.1687965",,,,
 Adenta,600,"5.7041391, -0.1687965",,,,
 Adenta,450,"5.7041391, -0.1687965",,,,
 Adenta,800,"5.7041391, -0.1687965",,,,
 Adenta,"1,500","5.7041391, -0.1687965",,,,
 Adenta,350,"5.7041391, -0.1687965",,,,
 Adenta,400,"5.7041391, -0.1687965",,,,
 Adenta,600,"5.7041391, -0.1687965",,,,
 Adenta,"1,100","5.7041391, -0.1687965",,,,
 Adenta,300,"5.7041391, -0.1687965",,,,
 Adenta,450,"5.7041391, -0.1687965",,,,
 Adenta,400,"5.7041391, -0.1687965",,,,
 Adenta,450,"5.7041391, -0.1687965",,,,
 Adenta,"1,200","5.7041391, -0.1687965",,,,
 Adenta,650,"5.7041391, -0.1687965",,,,
 Adenta,400,"5.7041391, -0.1687965",,,,
 Adenta,400,"5.7041391, -0.1687965",,,,
 Adenta,450,"5.7041391, -0.1687965",,,,
 Adenta,350,"5.7041391, -0.1687965",,,,
 Adenta,700,"5.7041391, -0.1687965",,,,
 Adenta,"1,500","5.7041391, -0.1687965",,,,
 Adenta,"1,500","5.7041391, -0.1687965",,,,
 Adenta,700,"5.7041391, -0.1687965",,,,
 Adenta,600,"5.7041391, -0.1687965",,,,
Haatso,600,"5.6706808, -0.2033502",,,,
Haatso,350,"5.6706808, -0.2033502",,,,
Haatso,900,"5.6706808, -0.2033502",,,,
Haatso,500,"5.6706808, -0.2033502",,,,
Haatso,900,"5.6706808, -0.2033502",,,,
Haatso,750,"5.6706808, -0.2033502",,,,
Haatso,300,"5.6706808, -0.2033502",,,,
Haatso,800,"5.6706808, -0.2033502",,,,
Haatso,400,"5.6706808, -0.2033502",,,,
Haatso,400,"5.6706808, -0.2033502",,,,
Haatso,300,"5.6706808, -0.2033502",,,,
Haatso,800,"5.6706808, -0.2033502",,,,
Haatso,600,"5.6706808, -0.2033502",,,,
Haatso,500,"5.6706808, -0.2033502",,,,
Haatso,650,"5.6706808, -0.2033502",,,,
Haatso,700,"5.6706808, -0.2033502",,,,
Haatso,1800,"5.6706808, -0.2033502",,,,
Haatso,700,"5.6706808, -0.2033502",,,,
Haatso,"1,200","5.6706808, -0.2033502",,,,
Haatso,800,"5.6706808, -0.2033502",,,,
Haatso,800,"5.6706808, -0.2033502",,,,
Haatso,1000,"5.6706808, -0.2033502",,,,
Haatso,300,"5.6706808, -0.2033502",,,,
Haatso,1000,"5.6706808, -0.2033502",,,,
Haatso,700,"5.6706808, -0.2033502",,,,
Haatso,600,"5.6706808, -0.2033502",,,,
Haatso,350,"5.6706808, -0.2033502",,,,
Haatso,900,"5.6706808, -0.2033502",,,,
Haatso,500,"5.6706808, -0.2033502",,,,
Haatso,900,"5.6706808, -0.2033502",,,,
Haatso,750,"5.6706808, -0.2033502",,,,
Haatso,300,"5.6706808, -0.2033502",,,,
Haatso,800,"5.6706808, -0.2033502",,,,
Haatso,400,"5.6706808, -0.2033502",,,,
Haatso,400,"5.6706808, -0.2033502",,,,
Haatso,300,"5.6706808, -0.2033502",,,,
Haatso,800,"5.6706808, -0.2033502",,,,
Haatso,600,"5.6706808, -0.2033502",,,,
Haatso,500,"5.6706808, -0.2033502",,,,
Haatso,650,"5.6706808, -0.2033502",,,,
Haatso,700,"5.6706808, -0.2033502",,,,
Haatso,1800,"5.6706808, -0.2033502",,,,
Haatso,700,"5.6706808, -0.2033502",,,,
Haatso,1200,"5.6706808, -0.2033502",,,,
Haatso,800,"5.6706808, -0.2033502",,,,
Haatso,800,"5.6706808, -0.2033502",,,,
Haatso,1000,"5.6706808, -0.2033502",,,,
Haatso,300,"5.6706808, -0.2033502",,,,
Haatso,1000,"5.6706808, -0.2033502",,,,
Haatso,700,"5.6706808, -0.2033502",,,,
Haatso,800,"5.6706808, -0.2033502",,,,
Haatso,1300,"5.6706808, -0.2033502",,,,
Haatso,500,"5.6706808, -0.2033502",,,,
Haatso,500,"5.6706808, -0.2033502",,,,
Haatso,450,"5.6706808, -0.2033502",,,,
Haatso,900,"5.6706808, -0.2033502",,,,
Haatso,400,"5.6706808, -0.2033502",,,,
Haatso,500,"5.6706808, -0.2033502",,,,
Haatso,1700,"5.6706808, -0.2033502",,,,
Haatso,800,"5.6706808, -0.2033502",,,,
Haatso,800,"5.6706808, -0.2033502",,,,
Haatso,800,"5.6706808, -0.2033502",,,,
Haatso,800,"5.6706808, -0.2033502",,,,
Haatso,600,"5.6706808, -0.2033502",,,,
Haatso,500,"5.6706808, -0.2033502",,,,
Haatso,900,"5.6706808, -0.2033502",,,,
Haatso,800,"5.6706808, -0.2033502",,,,
Haatso,700,"5.6706808, -0.2033502",,,,
Haatso,800,"5.6706808, -0.2033502",,,,
Haatso,700,"5.6706808, -0.2033502",,,,
Haatso,700,"5.6706808, -0.2033502",,,,
Haatso,500,"5.6706808, -0.2033502",,,,
Haatso,3100,"5.6706808, -0.2033502",,,,
Haatso,900,"5.6706808, -0.2033502",,,,
Haatso,900,"5.6706808, -0.2033502",,,,
Haatso,800,"5.6706808, -0.2033502",,,,
Haatso,1300,"5.6706808, -0.2033502",,,,
Haatso,500,"5.6706808, -0.2033502",,,,
Haatso,500,"5.6706808, -0.2033502",,,,
Haatso,450,"5.6706808, -0.2033502",,,,
Haatso,900,"5.6706808, -0.2033502",,,,
Haatso,400,"5.6706808, -0.2033502",,,,
Haatso,500,"5.6706808, -0.2033502",,,,
Haatso,1700,"5.6706808, -0.2033502",,,,
Haatso,800,"5.6706808, -0.2033502",,,,
Haatso,800,"5.6706808, -0.2033502",,,,
Haatso,800,"5.6706808, -0.2033502",,,,
Haatso,800,"5.6706808, -0.2033502",,,,
Haatso,600,"5.6706808, -0.2033502",,,,
Haatso,500,"5.6706808, -0.2033502",,,,
Haatso,900,"5.6706808, -0.2033502",,,,
Haatso,800,"5.6706808, -0.2033502",,,,
Haatso,700,"5.6706808, -0.2033502",,,,
Haatso,800,"5.6706808, -0.2033502",,,,
Haatso,700,"5.6706808, -0.2033502",,,,
Haatso,700,"5.6706808, -0.2033502",,,,
Haatso,500,"5.6706808, -0.2033502",,,,
Haatso,3100,"5.6706808, -0.2033502",,,,
Haatso,900,"5.6706808, -0.2033502",,,,
Haatso,900,"5.6706808, -0.2033502",,,,
East Legon,750,"5.6392848, -0.1624589",,,,
East Legon,750,"5.6392848, -0.1624589",,,,
East Legon,750,"5.6392848, -0.1624589",,,,
East Legon,"1,000","5.6392848, -0.1624589",,,,
East Legon,"4,000","5.6392848, -0.1624589",,,,
East Legon,"3,000","5.6392848, -0.1624589",,,,
East Legon,"5,000","5.6392848, -0.1624589",,,,
East Legon,"6,000","5.6392848, -0.1624589",,,,
East Legon,"5,700","5.6392848, -0.1624589",,,,
East Legon,"5,000","5.6392848, -0.1624589",,,,
East Legon,"1,600","5.6392848, -0.1624589",,,,
East Legon,"8,150","5.6392848, -0.1624589",,,,
East Legon,"2,000","5.6392848, -0.1624589",,,,
East Legon,"4,500","5.6392848, -0.1624589",,,,
East Legon,"1,000","5.6392848, -0.1624589",,,,
East Legon,"1,700","5.6392848, -0.1624589",,,,
East Legon,"1,200","5.6392848, -0.1624589",,,,
East Legon,550,"5.6392848, -0.1624589",,,,
East Legon,"1,500","5.6392848, -0.1624589",,,,
East Legon,800,"5.6392848, -0.1624589",,,,
East Legon,800,"5.6392848, -0.1624589",,,,
East Legon,"1,000","5.6392848, -0.1624589",,,,
East Legon,600,"5.6392848, -0.1624589",,,,
East Legon,"2,400","5.6392848, -0.1624589",,,,
East Legon,"3,000","5.6392848, -0.1624589",,,,
East Legon,"2,000","5.6392848, -0.1624589",,,,
East Legon,"1,500","5.6392848, -0.1624589",,,,
East Legon,"3,500","5.6392848, -0.1624589",,,,
East Legon,800,"5.6392848, -0.1624589",,,,
East Legon,"3,000","5.6392848, -0.1624589",,,,
East Legon,"2,000","5.6392848, -0.1624589",,,,
East Legon,900,"5.6392848, -0.1624589",,,,
East Legon,"1,500","5.6392848, -0.1624589",,,,
East Legon,"1,200","5.6392848, -0.1624589",,,,
East Legon,"4,000","5.6392848, -0.1624589",,,,
East Legon,"6,960","5.6392848, -0.1624589",,,,
East Legon,"1,000","5.6392848, -0.1624589",,,,
East Legon,"2,000","5.6392848, -0.1624589",,,,
East Legon,"1,350","5.6392848, -0.1624589",,,,
East Legon,"1,350","5.6392848, -0.1624589",,,,
East Legon,"6,600","5.6392848, -0.1624589",,,,
East Legon,600,"5.6392848, -0.1624589",,,,
East Legon,700,"5.6392848, -0.1624589",,,,
East Legon,"1,800","5.6392848, -0.1624589",,,,
East Legon,"3,500","5.6392848, -0.1624589",,,,
East Legon,"1,000","5.6392848, -0.1624589",,,,
East Legon,"1,500","5.6392848, -0.1624589",,,,
East Legon,"4,400","5.6392848, -0.1624589",,,,
East Legon,700,"5.6392848, -0.1624589",,,,
East Legon,"6,000","5.6392848, -0.1624589",,,,
East Legon,400,"5.6392848, -0.1624589",,,,
East Legon,900,"5.6392848, -0.1624589",,,,
East Legon,"1,000","5.6392848, -0.1624589",,,,
East Legon,"8,900","5.6392848, -0.1624589",,,,
East Legon,800,"5.6392848, -0.1624589",,,,
East Legon,"2,500","5.6392848, -0.1624589",,,,
East Legon,500,"5.6392848, -0.1624589",,,,
East Legon,"4,500","5.6392848, -0.1624589",,,,
East Legon,850,"5.6392848, -0.1624589",,,,
East Legon,"1,000","5.6392848, -0.1624589",,,,
East Legon,"2,800","5.6392848, -0.1624589",,,,
East Legon,"1,000","5.6392848, -0.1624589",,,,
East Legon,"2,800","5.6392848, -0.1624589",,,,
East Legon,800,"5.6392848, -0.1624589",,,,
East Legon,"1,000","5.6392848, -0.1624589",,,,
East Legon,"2,500","5.6392848, -0.1624589",,,,
East Legon,800,"5.6392848, -0.1624589",,,,
East Legon,"6,400","5.6392848, -0.1624589",,,,
East Legon,700,"5.6392848, -0.1624589",,,,
East Legon,"7,500","5.6392848, -0.1624589",,,,
East Legon,"1,500","5.6392848, -0.1624589",,,,
East Legon,"1,500","5.6392848, -0.1624589",,,,
East Legon,"2,000","5.6392848, -0.1624589",,,,
East Legon,900,"5.6392848, -0.1624589",,,,
East Legon,"9,800","5.6392848, -0.1624589",,,,
East Legon,"1,000","5.6392848, -0.1624589",,,,
East Legon,"2,800","5.6392848, -0.1624589",,,,
East Legon,650,"5.6392848, -0.1624589",,,,
East Legon,800,"5.6392848, -0.1624589",,,,
East Legon,"1,500","5.6392848, -0.1624589",,,,
East Legon,"1,200","5.6392848, -0.1624589",,,,
East Legon,"4,800","5.6392848, -0.1624589",,,,
East Legon,"1,000","5.6392848, -0.1624589",,,,
East Legon,"7,540","5.6392848, -0.1624589",,,,
East Legon,"7,540","5.6392848, -0.1624589",,,,
East Legon,"4,000","5.6392848, -0.1624589",,,,
East Legon,"1,700","5.6392848, -0.1624589",,,,
East Legon,"8,700","5.6392848, -0.1624589",,,,
East legon,800,"5.6392848, -0.1624589",,,,
East legon,800,"5.6392848, -0.1624589",,,,
East legon,900,"5.6392848, -0.1624589",,,,
East legon,400,"5.6392848, -0.1624589",,,,
East legon,700,"5.6392848, -0.1624589",,,,
East legon,600,"5.6392848, -0.1624589",,,,
East legon,7008,"5.6392848, -0.1624589",,,,
East legon,450,"5.6392848, -0.1624589",,,,
East legon,650,"5.6392848, -0.1624589",,,,
East legon,600,"5.6392848, -0.1624589",,,,
East legon,700,"5.6392848, -0.1624589",,,,
East legon,900,"5.6392848, -0.1624589",,,,
East legon,1500,"5.6392848, -0.1624589",,,,
East legon,11000,"5.6392848, -0.1624589",,,,
East legon,3400,"5.6392848, -0.1624589",,,,
East legon,1900,"5.6392848, -0.1624589",,,,
East legon,800,"5.6392848, -0.1624589",,,,
East legon,1400,"5.6392848, -0.1624589",,,,
East legon,3000,"5.6392848, -0.1624589",,,,
East legon,500,"5.6392848, -0.1624589",,,,
East legon,1000,"5.6392848, -0.1624589",,,,
East legon,3500,"5.6392848, -0.1624589",,,,
East legon,400,"5.6392848, -0.1624589",,,,
East legon,4800,"5.6392848, -0.1624589",,,,
East legon,700,"5.6392848, -0.1624589",,,,
East legon,1000,"5.6392848, -0.1624589",,,,
East legon,8260,"5.6392848, -0.1624589",,,,
East legon,550,"5.6392848, -0.1624589",,,,
East legon,1000,"5.6392848, -0.1624589",,,,
East legon,600,"5.6392848, -0.1624589",,,,
East legon,1000,"5.6392848, -0.1624589",,,,
East legon,1600,"5.6392848, -0.1624589",,,,
East legon,4350,"5.6392848, -0.1624589",,,,
East legon,4500,"5.6392848, -0.1624589",,,,
East legon,2500,"5.6392848, -0.1624589",,,,
East legon,1800,"5.6392848, -0.1624589",,,,
East legon,1500,"5.6392848, -0.1624589",,,,
East legon,320,"5.6392848, -0.1624589",,,,
East legon,9000,"5.6392848, -0.1624589",,,,
East legon,1500,"5.6392848, -0.1624589",,,,
East legon,500,"5.6392848, -0.1624589",,,,
East legon,700,"5.6392848, -0.1624589",,,,
East legon,1000,"5.6392848, -0.1624589",,,,
East legon,350,"5.6392848, -0.1624589",,,,
East legon,2300,"5.6392848, -0.1624589",,,,
East legon,1300,"5.6392848, -0.1624589",,,,
East legon,700,"5.6392848, -0.1624589",,,,
East legon,360,"5.6392848, -0.1624589",,,,
East legon,800,"5.6392848, -0.1624589",,,,
East legon,1200,"5.6392848, -0.1624589",,,,
East legon,1700,"5.6392848, -0.1624589",,,,
East legon,500,"5.6392848, -0.1624589",,,,
East legon,700,"5.6392848, -0.1624589",,,,
East legon,2500,"5.6392848, -0.1624589",,,,
East legon,4600,"5.6392848, -0.1624589",,,,
East legon,4500,"5.6392848, -0.1624589",,,,
East legon,3000,"5.6392848, -0.1624589",,,,
East legon,600,"5.6392848, -0.1624589",,,,
East legon,1100,"5.6392848, -0.1624589",,,,
East legon,1800,"5.6392848, -0.1624589",,,,
East legon,430,"5.6392848, -0.1624589",,,,
East legon,500,"5.6392848, -0.1624589",,,,
East legon,1000,"5.6392848, -0.1624589",,,,
East legon,400,"5.6392848, -0.1624589",,,,
East legon,700.00,"5.6392848, -0.1624589",,,,
East legon,1000.00,"5.6392848, -0.1624589",,,,
East legon,3000.00,"5.6392848, -0.1624589",,,,
East legon,600.00,"5.6392848, -0.1624589",,,,
East legon,1000.00,"5.6392848, -0.1624589",,,,
East legon,800.00,"5.6392848, -0.1624589",,,,
East legon,1800.00,"5.6392848, -0.1624589",,,,
East legon,900.00,"5.6392848, -0.1624589",,,,
East legon,1800.00,"5.6392848, -0.1624589",,,,
East legon,2300.00,"5.6392848, -0.1624589",,,,
East legon,1000.00,"5.6392848, -0.1624589",,,,
East legon,1500.00,"5.6392848, -0.1624589",,,,
East legon,7000.00,"5.6392848, -0.1624589",,,,
East legon,2000.00,"5.6392848, -0.1624589",,,,
East legon,3800.00,"5.6392848, -0.1624589",,,,
East legon,2500.00,"5.6392848, -0.1624589",,,,
East legon,1300.00,"5.6392848, -0.1624589",,,,
East legon,2000.00,"5.6392848, -0.1624589",,,,
East legon,8120.00,"5.6392848, -0.1624589",,,,
East legon,600.00,"5.6392848, -0.1624589",,,,
East legon,550.00,"5.6392848, -0.1624589",,,,
East legon,1800.00,"5.6392848, -0.1624589",,,,
East legon,1200.00,"5.6392848, -0.1624589",,,,
East legon,1800.00,"5.6392848, -0.1624589",,,,
East legon,1000.00,"5.6392848, -0.1624589",,,,
East legon,550.00,"5.6392848, -0.1624589",,,,
East legon,3600.00,"5.6392848, -0.1624589",,,,
East legon,4600.00,"5.6392848, -0.1624589",,,,
East legon,1800.00,"5.6392848, -0.1624589",,,,
East legon,300.00,"5.6392848, -0.1624589",,,,
East legon,6200.00,"5.6392848, -0.1624589",,,,
East legon,1600.00,"5.6392848, -0.1624589",,,,
East legon,6299.00,"5.6392848, -0.1624589",,,,
East legon,6299.00,"5.6392848, -0.1624589",,,,
East legon,1400.00,"5.6392848, -0.1624589",,,,
East legon,1100.00,"5.6392848, -0.1624589",,,,
East legon,2000.00,"5.6392848, -0.1624589",,,,
East legon,1000.00,"5.6392848, -0.1624589",,,,
East legon,900.00,"5.6392848, -0.1624589",,,,
East legon,1200.00,"5.6392848, -0.1624589",,,,
East legon,1500.00,"5.6392848, -0.1624589",,,,
East legon,380.00,"5.6392848, -0.1624589",,,,
East legon,380.00,"5.6392848, -0.1624589",,,,
East legon,800.00,"5.6392848, -0.1624589",,,,
East legon,900.00,"5.6392848, -0.1624589",,,,
East legon,600.00,"5.6392848, -0.1624589",,,,
East legon,4800.00,"5.6392848, -0.1624589",,,,
East legon,3600.00,"5.6392848, -0.1624589",,,,
East legon,500.00,"5.6392848, -0.1624589",,,,
East legon,600.00,"5.6392848, -0.1624589",,,,
East legon,1800.00,"5.6392848, -0.1624589",,,,
East legon,900.00,"5.6392848, -0.1624589",,,,
East legon,1800.00,"5.6392848, -0.1624589",,,,
East legon,600.00,"5.6392848, -0.1624589",,,,
East legon,4000.00,"5.6392848, -0.1624589",,,,
East legon,850.00,"5.6392848, -0.1624589",,,,
East legon,1500.00,"5.6392848, -0.1624589",,,,
East legon,1400.00,"5.6392848, -0.1624589",,,,
East legon,8600.00,"5.6392848, -0.1624589",,,,
East legon,1200.00,"5.6392848, -0.1624589",,,,
East legon,1300.00,"5.6392848, -0.1624589",,,,
East legon,1000.00,"5.6392848, -0.1624589",,,,
East legon,4000.00,"5.6392848, -0.1624589",,,,
East legon,4000.00,"5.6392848, -0.1624589",,,,
East legon,1500.00,"5.6392848, -0.1624589",,,,
East legon,500.00,"5.6392848, -0.1624589",,,,
East legon,3480.00,"5.6392848, -0.1624589",,,,
East legon,1300.00,"5.6392848, -0.1624589",,,,
East legon,350.00,"5.6392848, -0.1624589",,,,
East legon,4500.00,"5.6392848, -0.1624589",,,,
East legon,4000.00,"5.6392848, -0.1624589",,,,
East legon,1700.00,"5.6392848, -0.1624589",,,,
East legon,2146.00,"5.6392848, -0.1624589",,,,
East legon,1500.00,"5.6392848, -0.1624589",,,,
East legon,4600,"5.6392848, -0.1624589",,,,
East legon,600,"5.6392848, -0.1624589",,,,
East legon,4800,"5.6392848, -0.1624589",,,,
East legon,3500,"5.6392848, -0.1624589",,,,
East legon,1500,"5.6392848, -0.1624589",,,,
East legon,1300,"5.6392848, -0.1624589",,,,
East legon,4060,"5.6392848, -0.1624589",,,,
East legon,2900,"5.6392848, -0.1624589",,,,
East legon,550,"5.6392848, -0.1624589",,,,
East legon,800,"5.6392848, -0.1624589",,,,
East legon,5100,"5.6392848, -0.1624589",,,,
East legon,600,"5.6392848, -0.1624589",,,,
East legon,5700,"5.6392848, -0.1624589",,,,
Spintex,"1,400","5.6288265, -0.0901987",,,,
Spintex,"4,000","5.6288265, -0.0901987",,,,
Spintex,800,"5.6288265, -0.0901987",,,,
Spintex,"2,300","5.6288265, -0.0901987",,,,
Spintex,800,"5.6288265, -0.0901987",,,,
Spintex,600,"5.6288265, -0.0901987",,,,
Spintex,"1,200","5.6288265, -0.0901987",,,,
Spintex,600,"5.6288265, -0.0901987",,,,
Spintex,"1,500","5.6288265, -0.0901987",,,,
Spintex,400,"5.6288265, -0.0901987",,,,
Spintex,550,"5.6288265, -0.0901987",,,,
Spintex,"1,700","5.6288265, -0.0901987",,,,
Spintex,800,"5.6288265, -0.0901987",,,,
Spintex,800,"5.6288265, -0.0901987",,,,
Spintex,700,"5.6288265, -0.0901987",,,,
Spintex,600,"5.6288265, -0.0901987",,,,
Spintex,600,"5.6288265, -0.0901987",,,,
Spintex,"1,200","5.6288265, -0.0901987",,,,
Spintex,360,"5.6288265, -0.0901987",,,,
Spintex,700,"5.6288265, -0.0901987",,,,
Spintex,600,"5.6288265, -0.0901987",,,,
Spintex,500,"5.6288265, -0.0901987",,,,
Spintex,"7,540","5.6288265, -0.0901987",,,,
Spintex,600,"5.6288265, -0.0901987",,,,
Spintex,500,"5.6288265, -0.0901987",,,,
Spintex,600,"5.6288265, -0.0901987",,,,
Spintex,600,"5.6288265, -0.0901987",,,,
Spintex,"3,000","5.6288265, -0.0901987",,,,
Spintex,500,"5.6288265, -0.0901987",,,,
Spintex,"1,800","5.6288265, -0.0901987",,,,
Spintex,"2,700","5.6288265, -0.0901987",,,,
Spintex,600,"5.6288265, -0.0901987",,,,
Spintex,550,"5.6288265, -0.0901987",,,,
Spintex,"6,554","5.6288265, -0.0901987",,,,
Spintex,"2,100","5.6288265, -0.0901987",,,,
Spintex,"3,000","5.6288265, -0.0901987",,,,
Spintex,900,"5.6288265, -0.0901987",,,,
Spintex,500,"5.6288265, -0.0901987",,,,
Spintex,"1,000","5.6288265, -0.0901987",,,,
Spintex,750,"5.6288265, -0.0901987",,,,
Spintex,550,"5.6288265, -0.0901987",,,,
Spintex,"2,000","5.6288265, -0.0901987",,,,
Spintex,800,"5.6288265, -0.0901987",,,,
Spintex,500,"5.6288265, -0.0901987",,,,
Spintex,"1,100","5.6288265, -0.0901987",,,,
Spintex,650,"5.6288265, -0.0901987",,,,
Spintex,"1,200","5.6288265, -0.0901987",,,,
Spintex,"4,000","5.6288265, -0.0901987",,,,
Spintex,"3,000","5.6288265, -0.0901987",,,,
Spintex,"2,500","5.6288265, -0.0901987",,,,
Spintex,600,"5.6288265, -0.0901987",,,,
Spintex,600,"5.6288265, -0.0901987",,,,
Spintex,600,"5.6288265, -0.0901987",,,,
Spintex,700,"5.6288265, -0.0901987",,,,
Spintex,"1,000","5.6288265, -0.0901987",,,,
Spintex,370,"5.6288265, -0.0901987",,,,
Spintex,350,"5.6288265, -0.0901987",,,,
Spintex,500,"5.6288265, -0.0901987",,,,
Spintex,550,"5.6288265, -0.0901987",,,,
Spintex,400,"5.6288265, -0.0901987",,,,
Spintex,"1,200","5.6288265, -0.0901987",,,,
Spintex,300,"5.6288265, -0.0901987",,,,
Spintex,350,"5.6288265, -0.0901987",,,,
Spintex,450,"5.6288265, -0.0901987",,,,
Spintex,300,"5.6288265, -0.0901987",,,,
Spintex,250,"5.6288265, -0.0901987",,,,
Spintex,300,"5.6288265, -0.0901987",,,,
Spintex,900,"5.6288265, -0.0901987",,,,
Spintex,500,"5.6288265, -0.0901987",,,,
Spintex,250,"5.6288265, -0.0901987",,,,
Spintex,500,"5.6288265, -0.0901987",,,,
Spintex,900,"5.6288265, -0.0901987",,,,
Spintex,550,"5.6288265, -0.0901987",,,,
Spintex,400,"5.6288265, -0.0901987",,,,
Spintex,300,"5.6288265, -0.0901987",,,,
Spintex,300,"5.6288265, -0.0901987",,,,
Spintex,500,"5.6288265, -0.0901987",,,,
Spintex,250,"5.6288265, -0.0901987",,,,
Spintex,350,"5.6288265, -0.0901987",,,,
Spintex,400,"5.6288265, -0.0901987",,,,
Spintex,200,"5.6288265, -0.0901987",,,,
Spintex,300,"5.6288265, -0.0901987",,,,
Spintex,1000,"5.6288265, -0.0901987",,,,
Spintex,300,"5.6288265, -0.0901987",,,,
Spintex,1000,"5.6288265, -0.0901987",,,,
Spintex,300,"5.6288265, -0.0901987",,,,
Spintex,500,"5.6288265, -0.0901987",,,,
Spintex,500,"5.6288265, -0.0901987",,,,
Spintex,700,"5.6288265, -0.0901987",,,,
Spintex,500,"5.6288265, -0.0901987",,,,
Spintex,270,"5.6288265, -0.0901987",,,,
Spintex,400,"5.6288265, -0.0901987",,,,
Spintex,700,"5.6288265, -0.0901987",,,,
Spintex,350,"5.6288265, -0.0901987",,,,
Spintex,400,"5.6288265, -0.0901987",,,,
Spintex,300,"5.6288265, -0.0901987",,,,
Spintex,250,"5.6288265, -0.0901987",,,,
Spintex,200,"5.6288265, -0.0901987",,,,
Spintex,550,"5.6288265, -0.0901987",,,,
Spintex,600,"5.6288265, -0.0901987",,,,
Spintex,400,"5.6288265, -0.0901987",,,,
Spintex,520,"5.6288265, -0.0901987",,,,
Spintex,400,"5.6288265, -0.0901987",,,,
Spintex,350,"5.6288265, -0.0901987",,,,
Spintex,300,"5.6288265, -0.0901987",,,,
Spintex,370,"5.6288265, -0.0901987",,,,
Spintex,400,"5.6288265, -0.0901987",,,,
Spintex,4000,"5.6288265, -0.0901987",,,,
Tema Metropolitan,"4,200","5.6476086, -0.0016354",,,,
Tema Metropolitan,220,"5.6476086, -0.0016354",,,,
Tema Metropolitan,450,"5.6476086, -0.0016354",,,,
Tema Metropolitan,350,"5.6476086, -0.0016354",,,,
Tema Metropolitan,550,"5.6476086, -0.0016354",,,,
Tema Metropolitan,450,"5.6476086, -0.0016354",,,,
Tema Metropolitan,"4,000","5.6476086, -0.0016354",,,,
Tema Metropolitan,"5,700","5.6476086, -0.0016354",,,,
Tema Metropolitan,600,"5.6476086, -0.0016354",,,,
Tema Metropolitan,550,"5.6476086, -0.0016354",,,,
Tema Metropolitan,"2,300","5.6476086, -0.0016354",,,,
Tema Metropolitan,420,"5.6476086, -0.0016354",,,,
Tema Metropolitan,"1,000","5.6476086, -0.0016354",,,,
Airport Residential Area,"12,000","5.6132499, -0.1832656",,,,
Airport Residential Area,"2,000","5.6132499, -0.1832657",,,,
Airport Residential Area,800,"5.6132499, -0.1832658",,,,
Airport Residential Area,"1,000","5.6132499, -0.1832659",,,,
Airport Residential Area,"6,000","5.6132499, -0.1832660",,,,
Airport Residential Area,"28,500","5.6132499, -0.1832661",,,,
Airport Residential Area,"3,000","5.6132499, -0.1832662",,,,
Airport Residential Area,"1,000","5.6132499, -0.1832663",,,,
Airport Residential Area,800,"5.6132499, -0.1832664",,,,
